pmon_snapshot(pid,sm,mem,enc,dec,command) - sampled every 1s
#Date        Time         gpu         pid   type     sm    mem    enc    dec    jpg    ofa     fb   ccpm    command 
#YYYYMMDD    HH:MM:SS     Idx           #    C/G      %      %      %      %      %      %     MB     MB    name 
 20260419    16:51:06       0          -     -      -      -      -      -      -      -      -      -    -              
 20260419    16:51:07       0          -     -      -      -      -      -      -      -      -      -    -              
 20260419    16:51:08       0          -     -      -      -      -      -      -      -      -      -    -              
 20260419    16:51:09       0          -     -      -      -      -      -      -      -      -      -    -              
 20260419    16:51:10       0          -     -      -      -      -      -      -      -      -      -    -              
 20260419    16:51:11       0          -     -      -      -      -      -      -      -      -      -    -              
 20260419    16:51:12       0          -     -      -      -      -      -      -      -      -      -    -              
 20260419    16:51:13       0          -     -      -      -      -      -      -      -      -      -    -              
 20260419    16:51:14       0          -     -      -      -      -      -      -      -      -      -    -              
 20260419    16:51:15       0          -     -      -      -      -      -      -      -      -      -    -              
 20260419    16:51:16       0          -     -      -      -      -      -      -      -      -      -    -              
 20260419    16:51:17       0          -     -      -      -      -      -      -      -      -      -    -              
 20260419    16:51:18       0          -     -      -      -      -      -      -      -      -      -    -              
 20260419    16:51:19       0    2163741     C      1      0      -      -      -      -    370      0    python         
 20260419    16:51:20       0    2163741     C     19      6      -      -      -      -   1036      0    python         
 20260419    16:51:21       0    2163741     C     46     14      -      -      -      -   1396      0    python         
 20260419    16:51:22       0    2163741     C     31     10      -      -      -      -   1398      0    python         
 20260419    16:51:24       0    2163741     C     55     18      -      -      -      -   1418      0    python         
 20260419    16:51:25       0    2163741     C     47     15      -      -      -      -   1418      0    python         
 20260419    16:51:26       0    2163741     C     54     17      -      -      -      -   1418      0    python         
 20260419    16:51:27       0    2163741     C     50     16      -      -      -      -   1418      0    python         
 20260419    16:51:28       0    2163741     C     54     17      -      -      -      -   1418      0    python         
 20260419    16:51:29       0    2163741     C     48     15      -      -      -      -   1438      0    python         
 20260419    16:51:30       0    2163741     C     54     17      -      -      -      -   1438      0    python         
 20260419    16:51:31       0    2163741     C     48     16      -      -      -      -   1438      0    python         
 20260419    16:51:32       0    2163741     C     56     19      -      -      -      -   1438      0    python         
 20260419    16:51:33       0    2163741     C     48     16      -      -      -      -   1438      0    python         
 20260419    16:51:34       0    2163741     C     55     18      -      -      -      -   1438      0    python         
 20260419    16:51:35       0    2163741     C     50     16      -      -      -      -   1438      0    python         
 20260419    16:51:36       0    2163741     C     53     17      -      -      -      -   1458      0    python         
 20260419    16:51:37       0    2163741     C     50     16      -      -      -      -   1458      0    python         
 20260419    16:51:38       0    2163741     C     55     18      -      -      -      -   1458      0    python         
 20260419    16:51:39       0    2163741     C     34     11      -      -      -      -   1458      0    python         
 20260419    16:51:40       0    2163741     C     41     13      -      -      -      -   1458      0    python         
 20260419    16:51:41       0    2163741     C     50     16      -      -      -      -   1458      0    python         
 20260419    16:51:42       0    2163741     C     54     17      -      -      -      -   1458      0    python         
 20260419    16:51:43       0    2163741     C     51     16      -      -      -      -   1458      0    python         
 20260419    16:51:44       0    2163741     C     51     17      -      -      -      -   1458      0    python         
 20260419    16:51:45       0    2163741     C     51     16      -      -      -      -   1458      0    python         
 20260419    16:51:46       0    2163741     C     51     17      -      -      -      -   1458      0    python         
 20260419    16:51:47       0    2163741     C     52     17      -      -      -      -   1458      0    python         
 20260419    16:51:49       0    2163741     C     49     16      -      -      -      -   1458      0    python         
 20260419    16:51:50       0    2163741     C     50     16      -      -      -      -   1458      0    python         
 20260419    16:51:51       0    2163741     C     50     16      -      -      -      -   1458      0    python         
#Date        Time         gpu         pid   type     sm    mem    enc    dec    jpg    ofa     fb   ccpm    command 
#YYYYMMDD    HH:MM:SS     Idx           #    C/G      %      %      %      %      %      %     MB     MB    name 
 20260419    16:51:52       0    2163741     C     50     16      -      -      -      -   1458      0    python         
 20260419    16:51:53       0    2163741     C     50     16      -      -      -      -   1458      0    python         
 20260419    16:51:54       0    2163741     C     48     16      -      -      -      -   1458      0    python         
 20260419    16:51:55       0    2163741     C     55     18      -      -      -      -   1458      0    python         
 20260419    16:51:56       0    2163741     C     31     10      -      -      -      -   1458      0    python         
 20260419    16:51:57       0    2163741     C     47     15      -      -      -      -   1458      0    python         
 20260419    16:51:58       0    2163741     C     53     17      -      -      -      -   1458      0    python         
 20260419    16:51:59       0    2163741     C     49     16      -      -      -      -   1458      0    python         
 20260419    16:52:00       0    2163741     C     54     18      -      -      -      -   1458      0    python         
 20260419    16:52:01       0    2163741     C     50     16      -      -      -      -   1458      0    python         
 20260419    16:52:02       0    2163741     C     51     17      -      -      -      -   1458      0    python         
 20260419    16:52:03       0    2163741     C     50     17      -      -      -      -   1458      0    python         
 20260419    16:52:04       0    2163741     C     49     16      -      -      -      -   1458      0    python         
 20260419    16:52:05       0    2163741     C     50     16      -      -      -      -   1458      0    python         
 20260419    16:52:06       0    2163741     C     50     16      -      -      -      -   1458      0    python         
 20260419    16:52:07       0    2163741     C     53     17      -      -      -      -   1458      0    python         
 20260419    16:52:08       0    2163741     C     51     17      -      -      -      -   1458      0    python         
 20260419    16:52:09       0    2163741     C     51     16      -      -      -      -   1458      0    python         
 20260419    16:52:10       0    2163741     C     51     16      -      -      -      -   1458      0    python         
 20260419    16:52:11       0    2163741     C     51     17      -      -      -      -   1458      0    python         
 20260419    16:52:12       0    2163741     C     38     12      -      -      -      -   1458      0    python         
 20260419    16:52:13       0    2163741     C     38     12      -      -      -      -   1458      0    python         
 20260419    16:52:15       0    2163741     C     54     18      -      -      -      -   1458      0    python         
 20260419    16:52:16       0    2163741     C     49     16      -      -      -      -   1458      0    python         
 20260419    16:52:17       0    2163741     C     54     18      -      -      -      -   1458      0    python         
 20260419    16:52:18       0    2163741     C     48     16      -      -      -      -   1458      0    python         
 20260419    16:52:19       0    2163741     C     56     18      -      -      -      -   1458      0    python         
 20260419    16:52:20       0    2163741     C     47     15      -      -      -      -   1458      0    python         
 20260419    16:52:21       0    2163741     C     54     17      -      -      -      -   1458      0    python         
 20260419    16:52:22       0    2163741     C     49     16      -      -      -      -   1458      0    python         
 20260419    16:52:23       0    2163741     C     51     17      -      -      -      -   1458      0    python         
 20260419    16:52:24       0    2163741     C     50     16      -      -      -      -   1458      0    python         
 20260419    16:52:25       0    2163741     C     54     18      -      -      -      -   1458      0    python         
 20260419    16:52:26       0    2163741     C     50     16      -      -      -      -   1458      0    python         
 20260419    16:52:27       0    2163741     C     51     17      -      -      -      -   1458      0    python         
 20260419    16:52:28       0    2163741     C     49     15      -      -      -      -   1458      0    python         
 20260419    16:52:29       0    2163741     C     42     14      -      -      -      -   1458      0    python         
 20260419    16:52:30       0    2163741     C     34     11      -      -      -      -   1458      0    python         
 20260419    16:52:31       0    2163741     C     51     16      -      -      -      -   1458      0    python         
 20260419    16:52:32       0    2163741     C     51     17      -      -      -      -   1458      0    python         
 20260419    16:52:33       0    2163741     C     51     16      -      -      -      -   1458      0    python         
 20260419    16:52:34       0    2163741     C     51     16      -      -      -      -   1458      0    python         
 20260419    16:52:35       0    2163741     C     51     17      -      -      -      -   1458      0    python         
 20260419    16:52:36       0    2163741     C     51     17      -      -      -      -   1458      0    python         
#Date        Time         gpu         pid   type     sm    mem    enc    dec    jpg    ofa     fb   ccpm    command 
#YYYYMMDD    HH:MM:SS     Idx           #    C/G      %      %      %      %      %      %     MB     MB    name 
 20260419    16:52:37       0    2163741     C     50     16      -      -      -      -   1458      0    python         
 20260419    16:52:38       0    2163741     C     53     17      -      -      -      -   1458      0    python         
 20260419    16:52:39       0    2163741     C     51     17      -      -      -      -   1458      0    python         
 20260419    16:52:41       0    2163741     C     48     16      -      -      -      -   1458      0    python         
 20260419    16:52:42       0    2163741     C     55     18      -      -      -      -   1458      0    python         
 20260419    16:52:43       0    2163741     C     55     18      -      -      -      -   1458      0    python         
 20260419    16:52:44       0    2163741     C     49     15      -      -      -      -   1458      0    python         
 20260419    16:52:45       0    2163741     C     48     16      -      -      -      -   1458      0    python         
 20260419    16:52:46       0    2163741     C     39     13      -      -      -      -   1458      0    python         
 20260419    16:52:47       0    2163741     C     33     11      -      -      -      -   1458      0    python         
 20260419    16:52:48       0    2163741     C     50     16      -      -      -      -   1458      0    python         
 20260419    16:52:49       0    2163741     C     50     16      -      -      -      -   1458      0    python         
 20260419    16:52:50       0    2163741     C     50     16      -      -      -      -   1458      0    python         
 20260419    16:52:51       0    2163741     C     51     17      -      -      -      -   1458      0    python         
 20260419    16:52:52       0    2163741     C     50     16      -      -      -      -   1458      0    python         
 20260419    16:52:53       0    2163741     C     50     17      -      -      -      -   1458      0    python         
 20260419    16:52:54       0    2163741     C     53     17      -      -      -      -   1458      0    python         
 20260419    16:52:55       0    2163741     C     50     17      -      -      -      -   1458      0    python         
 20260419    16:52:56       0    2163741     C     51     16      -      -      -      -   1458      0    python         
 20260419    16:52:57       0    2163741     C     50     16      -      -      -      -   1458      0    python         
 20260419    16:52:58       0    2163741     C     51     17      -      -      -      -   1458      0    python         
 20260419    16:52:59       0    2163741     C     51     17      -      -      -      -   1458      0    python         
 20260419    16:53:00       0    2163741     C     51     17      -      -      -      -   1458      0    python         
 20260419    16:53:01       0    2163741     C     51     17      -      -      -      -   1458      0    python         
 20260419    16:53:02       0    2163741     C     43     14      -      -      -      -   1458      0    python         
 20260419    16:53:04       0    2163741     C     43     14      -      -      -      -   1458      0    python         
 20260419    16:53:05       0    2163741     C     47     15      -      -      -      -   1458      0    python         
 20260419    16:53:06       0    2163741     C     56     19      -      -      -      -   1458      0    python         
 20260419    16:53:07       0    2163741     C     48     16      -      -      -      -   1458      0    python         
 20260419    16:53:08       0    2163741     C     47     15      -      -      -      -    464      0    python         
 20260419    16:53:09       0    2163741     C     50     23      -      -      -      -   4620      0    python         
 20260419    16:53:10       0    2163741     C     79     38      -      -      -      -   4620      0    python         
 20260419    16:53:11       0    2163741     C     77     37      -      -      -      -   4620      0    python         
 20260419    16:53:12       0    2163741     C     78     38      -      -      -      -   4620      0    python         
 20260419    16:53:13       0    2163741     C     79     38      -      -      -      -   4620      0    python         
 20260419    16:53:14       0    2163741     C     79     39      -      -      -      -   4620      0    python         
 20260419    16:53:15       0    2163741     C     79     38      -      -      -      -   4620      0    python         
 20260419    16:53:16       0    2163741     C     79     38      -      -      -      -   4620      0    python         
 20260419    16:53:17       0    2163741     C     72     35      -      -      -      -   8360      0    python         
 20260419    16:53:18       0    2163741     C     39     18      -      -      -      -   8406      0    python         
 20260419    16:53:19       0    2163741     C     63     30      -      -      -      -   8406      0    python         
 20260419    16:53:20       0    2163741     C     77     38      -      -      -      -   8406      0    python         
 20260419    16:53:21       0    2163741     C     78     38      -      -      -      -   8406      0    python         
 20260419    16:53:22       0    2163741     C     79     39      -      -      -      -   8406      0    python         
#Date        Time         gpu         pid   type     sm    mem    enc    dec    jpg    ofa     fb   ccpm    command 
#YYYYMMDD    HH:MM:SS     Idx           #    C/G      %      %      %      %      %      %     MB     MB    name 
 20260419    16:53:23       0    2163741     C     79     39      -      -      -      -   8406      0    python         
 20260419    16:53:24       0    2163741     C     79     38      -      -      -      -   8406      0    python         
 20260419    16:53:25       0    2163741     C     79     38      -      -      -      -   8406      0    python         
 20260419    16:53:26       0    2163741     C     73     35      -      -      -      -   8406      0    python         
 20260419    16:53:27       0    2163741     C     70     33      -      -      -      -   8406      0    python         
 20260419    16:53:28       0    2163741     C     74     35      -      -      -      -   8406      0    python         
 20260419    16:53:29       0    2163741     C     78     38      -      -      -      -   8406      0    python         
 20260419    16:53:31       0    2163741     C     78     38      -      -      -      -   8406      0    python         
 20260419    16:53:32       0    2163741     C     78     38      -      -      -      -   8406      0    python         
 20260419    16:53:33       0    2163741     C     79     38      -      -      -      -   8406      0    python         
 20260419    16:53:34       0    2163741     C     79     39      -      -      -      -   8406      0    python         
 20260419    16:53:35       0    2163741     C     79     39      -      -      -      -   8406      0    python         
 20260419    16:53:36       0    2163741     C     78     38      -      -      -      -   8406      0    python         
 20260419    16:53:37       0    2163741     C     74     35      -      -      -      -   8406      0    python         
 20260419    16:53:38       0    2163741     C     71     34      -      -      -      -   8406      0    python         
 20260419    16:53:39       0    2163741     C     76     37      -      -      -      -   8406      0    python         
 20260419    16:53:40       0    2163741     C     79     38      -      -      -      -   8406      0    python         
 20260419    16:53:41       0    2163741     C     78     37      -      -      -      -   8406      0    python         
 20260419    16:53:42       0    2163741     C     78     38      -      -      -      -   8406      0    python         
 20260419    16:53:43       0    2163741     C     78     38      -      -      -      -   8406      0    python         
 20260419    16:53:44       0    2163741     C     78     38      -      -      -      -   8406      0    python         
 20260419    16:53:45       0    2163741     C     79     39      -      -      -      -   8406      0    python         
 20260419    16:53:46       0    2163741     C     69     32      -      -      -      -   8446      0    python         
 20260419    16:53:47       0    2163741     C     70     33      -      -      -      -   8446      0    python         
 20260419    16:53:48       0    2163741     C     78     37      -      -      -      -   8446      0    python         
 20260419    16:53:49       0    2163741     C     78     38      -      -      -      -   8446      0    python         
 20260419    16:53:50       0    2163741     C     78     38      -      -      -      -   8446      0    python         
 20260419    16:53:51       0    2163741     C     79     38      -      -      -      -   8446      0    python         
 20260419    16:53:52       0    2163741     C     79     38      -      -      -      -   8446      0    python         
 20260419    16:53:53       0    2163741     C     78     38      -      -      -      -   8446      0    python         
 20260419    16:53:54       0    2163741     C     78     38      -      -      -      -   8446      0    python         
 20260419    16:53:55       0    2163741     C     76     35      -      -      -      -   8446      0    python         
 20260419    16:53:56       0    2163741     C     75     35      -      -      -      -   8446      0    python         
 20260419    16:53:58       0    2163741     C     78     38      -      -      -      -   8446      0    python         
 20260419    16:53:59       0    2163741     C     79     38      -      -      -      -   8446      0    python         
 20260419    16:54:00       0    2163741     C     79     39      -      -      -      -   8446      0    python         
 20260419    16:54:01       0    2163741     C     70     34      -      -      -      -   8446      0    python         
 20260419    16:54:02       0    2163741     C     79     39      -      -      -      -   8446      0    python         
 20260419    16:54:03       0    2163741     C     79     39      -      -      -      -   8446      0    python         
 20260419    16:54:04       0    2163741     C     79     38      -      -      -      -   8446      0    python         
 20260419    16:54:05       0    2163741     C     72     33      -      -      -      -   8446      0    python         
 20260419    16:54:06       0    2163741     C     78     38      -      -      -      -   8446      0    python         
 20260419    16:54:07       0    2163741     C     78     38      -      -      -      -   8446      0    python         
 20260419    16:54:08       0    2163741     C     78     38      -      -      -      -   8446      0    python         
#Date        Time         gpu         pid   type     sm    mem    enc    dec    jpg    ofa     fb   ccpm    command 
#YYYYMMDD    HH:MM:SS     Idx           #    C/G      %      %      %      %      %      %     MB     MB    name 
 20260419    16:54:09       0    2163741     C     72     35      -      -      -      -   8446      0    python         
 20260419    16:54:10       0    2163741     C     72     35      -      -      -      -   8446      0    python         
 20260419    16:54:11       0    2163741     C     78     38      -      -      -      -   8446      0    python         
 20260419    16:54:12       0    2163741     C     79     38      -      -      -      -   8446      0    python         
 20260419    16:54:13       0    2163741     C     79     39      -      -      -      -   8446      0    python         
 20260419    16:54:14       0    2163741     C     75     35      -      -      -      -   8446      0    python         
 20260419    16:54:15       0    2163741     C     76     36      -      -      -      -   8446      0    python         
 20260419    16:54:16       0    2163741     C     78     38      -      -      -      -   8446      0    python         
 20260419    16:54:17       0    2163741     C     78     38      -      -      -      -   8446      0    python         
 20260419    16:54:18       0    2163741     C     78     38      -      -      -      -   8446      0    python         
 20260419    16:54:19       0    2163741     C     78     38      -      -      -      -   8446      0    python         
 20260419    16:54:20       0    2163741     C     78     38      -      -      -      -   8446      0    python         
 20260419    16:54:21       0    2163741     C     78     38      -      -      -      -   8446      0    python         
 20260419    16:54:22       0    2163741     C     72     35      -      -      -      -   8446      0    python         
 20260419    16:54:23       0    2163741     C     74     34      -      -      -      -   8446      0    python         
 20260419    16:54:25       0    2163741     C     78     37      -      -      -      -   8446      0    python         
 20260419    16:54:26       0    2163741     C     79     39      -      -      -      -   8446      0    python         
 20260419    16:54:27       0    2163741     C     79     39      -      -      -      -   8446      0    python         
 20260419    16:54:28       0    2163741     C     79     39      -      -      -      -   8446      0    python         
 20260419    16:54:29       0    2163741     C     78     38      -      -      -      -   8446      0    python         
 20260419    16:54:30       0    2163741     C     77     37      -      -      -      -   8446      0    python         
 20260419    16:54:31       0    2163741     C     70     34      -      -      -      -   8446      0    python         
 20260419    16:54:32       0    2163741     C     77     37      -      -      -      -   8446      0    python         
 20260419    16:54:33       0    2163741     C     75     35      -      -      -      -   8446      0    python         
 20260419    16:54:34       0    2163741     C     78     38      -      -      -      -   8446      0    python         
 20260419    16:54:35       0    2163741     C     78     38      -      -      -      -   8446      0    python         
 20260419    16:54:36       0    2163741     C     79     38      -      -      -      -   8446      0    python         
 20260419    16:54:37       0    2163741     C     78     38      -      -      -      -   8446      0    python         
 20260419    16:54:38       0    2163741     C     78     38      -      -      -      -   8446      0    python         
 20260419    16:54:39       0    2163741     C     78     38      -      -      -      -   8446      0    python         
 20260419    16:54:40       0    2163741     C     78     38      -      -      -      -   8446      0    python         
 20260419    16:54:41       0    2163741     C     76     36      -      -      -      -   8466      0    python         
 20260419    16:54:42       0    2163741     C     70     33      -      -      -      -   8466      0    python         
 20260419    16:54:43       0    2163741     C     72     35      -      -      -      -   8466      0    python         
 20260419    16:54:44       0    2163741     C     78     38      -      -      -      -   8466      0    python         
 20260419    16:54:45       0    2163741     C     78     38      -      -      -      -   8466      0    python         
 20260419    16:54:46       0    2163741     C     78     38      -      -      -      -   8466      0    python         
 20260419    16:54:47       0    2163741     C     79     38      -      -      -      -   8466      0    python         
 20260419    16:54:48       0    2163741     C     78     38      -      -      -      -   8466      0    python         
 20260419    16:54:49       0    2163741     C     78     38      -      -      -      -   8466      0    python         
 20260419    16:54:51       0    2163741     C     65     30      -      -      -      -   8526      0    python         
 20260419    16:54:52       0    2163741     C     37     17      -      -      -      -   8526      0    python         
 20260419    16:54:53       0    2163741     C     79     38      -      -      -      -   8526      0    python         
 20260419    16:54:54       0    2163741     C     78     37      -      -      -      -   8526      0    python         
#Date        Time         gpu         pid   type     sm    mem    enc    dec    jpg    ofa     fb   ccpm    command 
#YYYYMMDD    HH:MM:SS     Idx           #    C/G      %      %      %      %      %      %     MB     MB    name 
 20260419    16:54:55       0    2163741     C     77     37      -      -      -      -   8526      0    python         
 20260419    16:54:56       0    2163741     C     78     38      -      -      -      -   8526      0    python         
 20260419    16:54:57       0    2163741     C     79     39      -      -      -      -   8526      0    python         
 20260419    16:54:58       0    2163741     C     78     38      -      -      -      -   8526      0    python         
 20260419    16:54:59       0    2163741     C     78     38      -      -      -      -   8526      0    python         
 20260419    16:55:00       0    2163741     C     78     38      -      -      -      -   8526      0    python         
 20260419    16:55:01       0    2163741     C     75     35      -      -      -      -   8786      0    python         
 20260419    16:55:02       0    2163741     C     78     38      -      -      -      -   8786      0    python         
 20260419    16:55:03       0    2163741     C     72     36      -      -      -      -   8786      0    python         
 20260419    16:55:04       0    2163741     C     78     38      -      -      -      -   8786      0    python         
 20260419    16:55:05       0    2163741     C     78     38      -      -      -      -   8786      0    python         
 20260419    16:55:06       0    2163741     C     78     38      -      -      -      -   8786      0    python         
 20260419    16:55:07       0    2163741     C     79     39      -      -      -      -   8786      0    python         
 20260419    16:55:08       0    2163741     C     79     39      -      -      -      -   8786      0    python         
 20260419    16:55:09       0    2163741     C     79     38      -      -      -      -   8786      0    python         
 20260419    16:55:10       0    2163741     C     76     36      -      -      -      -   8786      0    python         
 20260419    16:55:11       0    2163741     C     77     37      -      -      -      -   8786      0    python         
 20260419    16:55:12       0    2163741     C     73     35      -      -      -      -   8786      0    python         
 20260419    16:55:13       0    2163741     C     73     36      -      -      -      -   8786      0    python         
 20260419    16:55:14       0    2163741     C     78     38      -      -      -      -   8786      0    python         
 20260419    16:55:15       0    2163741     C     78     38      -      -      -      -   8786      0    python         
 20260419    16:55:16       0    2163741     C     78     38      -      -      -      -   8786      0    python         
 20260419    16:55:18       0    2163741     C     78     38      -      -      -      -   8786      0    python         
 20260419    16:55:19       0    2163741     C     79     39      -      -      -      -   8786      0    python         
 20260419    16:55:20       0    2163741     C     73     33      -      -      -      -   8866      0    python         
 20260419    16:55:21       0    2163741     C     79     39      -      -      -      -   8866      0    python         
 20260419    16:55:22       0    2163741     C     79     39      -      -      -      -   8866      0    python         
 20260419    16:55:23       0    2163741     C     79     38      -      -      -      -   8866      0    python         
 20260419    16:55:24       0    2163741     C     69     33      -      -      -      -   8866      0    python         
 20260419    16:55:25       0    2163741     C     79     39      -      -      -      -   8866      0    python         
 20260419    16:55:26       0    2163741     C     78     38      -      -      -      -   8866      0    python         
 20260419    16:55:27       0    2163741     C     78     38      -      -      -      -   8866      0    python         
 20260419    16:55:28       0    2163741     C     77     37      -      -      -      -   8866      0    python         
 20260419    16:55:29       0    2163741     C     74     35      -      -      -      -   8866      0    python         
 20260419    16:55:30       0    2163741     C     78     38      -      -      -      -   8866      0    python         
 20260419    16:55:31       0    2163741     C     78     38      -      -      -      -   8866      0    python         
 20260419    16:55:32       0    2163741     C     79     38      -      -      -      -   8866      0    python         
 20260419    16:55:33       0    2163741     C     79     39      -      -      -      -   8866      0    python         
 20260419    16:55:34       0    2163741     C     78     38      -      -      -      -   8866      0    python         
 20260419    16:55:35       0    2163741     C     72     35      -      -      -      -   8866      0    python         
 20260419    16:55:36       0    2163741     C     78     39      -      -      -      -   8866      0    python         
 20260419    16:55:37       0    2163741     C     77     38      -      -      -      -   8886      0    python         
 20260419    16:55:38       0    2163741     C     76     36      -      -      -      -   8886      0    python         
 20260419    16:55:39       0    2163741     C     77     37      -      -      -      -   8886      0    python         
#Date        Time         gpu         pid   type     sm    mem    enc    dec    jpg    ofa     fb   ccpm    command 
#YYYYMMDD    HH:MM:SS     Idx           #    C/G      %      %      %      %      %      %     MB     MB    name 
 20260419    16:55:40       0    2163741     C     78     37      -      -      -      -   8886      0    python         
 20260419    16:55:41       0    2163741     C     78     37      -      -      -      -   8886      0    python         
 20260419    16:55:42       0    2163741     C     78     38      -      -      -      -   8886      0    python         
 20260419    16:55:43       0    2163741     C     78     38      -      -      -      -   8886      0    python         
 20260419    16:55:45       0    2163741     C     68     33      -      -      -      -   8886      0    python         
 20260419    16:55:46       0    2163741     C     69     33      -      -      -      -   8886      0    python         
 20260419    16:55:47       0    2163741     C     77     37      -      -      -      -   8886      0    python         
 20260419    16:55:48       0    2163741     C     75     35      -      -      -      -   8886      0    python         
 20260419    16:55:49       0    2163741     C     77     37      -      -      -      -   8886      0    python         
 20260419    16:55:50       0    2163741     C     78     37      -      -      -      -   8886      0    python         
 20260419    16:55:51       0    2163741     C     79     39      -      -      -      -   8886      0    python         
 20260419    16:55:52       0    2163741     C     79     39      -      -      -      -   8886      0    python         
 20260419    16:55:53       0    2163741     C     78     38      -      -      -      -   8886      0    python         
 20260419    16:55:54       0    2163741     C     78     38      -      -      -      -   8886      0    python         
 20260419    16:55:55       0    2163741     C     78     38      -      -      -      -   8886      0    python         
 20260419    16:55:56       0    2163741     C     75     35      -      -      -      -   8926      0    python         
 20260419    16:55:57       0    2163741     C     75     34      -      -      -      -   8926      0    python         
 20260419    16:55:58       0    2163741     C     72     36      -      -      -      -   8926      0    python         
 20260419    16:55:59       0    2163741     C     76     37      -      -      -      -   8926      0    python         
 20260419    16:56:00       0    2163741     C     78     38      -      -      -      -   8926      0    python         
 20260419    16:56:01       0    2163741     C     78     38      -      -      -      -   8926      0    python         
 20260419    16:56:02       0    2163741     C     79     39      -      -      -      -   8926      0    python         
 20260419    16:56:03       0    2163741     C     79     39      -      -      -      -   8926      0    python         
 20260419    16:56:04       0    2163741     C     79     38      -      -      -      -   8926      0    python         
 20260419    16:56:05       0    2163741     C     77     36      -      -      -      -   8926      0    python         
 20260419    16:56:06       0    2163741     C     76     36      -      -      -      -   8926      0    python         
 20260419    16:56:07       0    2163741     C     73     35      -      -      -      -   8926      0    python         
 20260419    16:56:08       0    2163741     C     73     36      -      -      -      -   8926      0    python         
 20260419    16:56:09       0    2163741     C     78     38      -      -      -      -   8926      0    python         
 20260419    16:56:10       0    2163741     C     78     37      -      -      -      -   8926      0    python         
 20260419    16:56:12       0    2163741     C     78     38      -      -      -      -   8926      0    python         
 20260419    16:56:13       0    2163741     C     78     38      -      -      -      -   8926      0    python         
 20260419    16:56:14       0    2163741     C     78     38      -      -      -      -   8926      0    python         
 20260419    16:56:15       0    2163741     C     74     34      -      -      -      -   8966      0    python         
 20260419    16:56:16       0    2163741     C     77     38      -      -      -      -   8966      0    python         
 20260419    16:56:17       0    2163741     C     78     38      -      -      -      -   8966      0    python         
 20260419    16:56:18       0    2163741     C     78     38      -      -      -      -   8966      0    python         
 20260419    16:56:19       0    2163741     C     78     39      -      -      -      -   8966      0    python         
 20260419    16:56:20       0    2163741     C     78     38      -      -      -      -   8966      0    python         
 20260419    16:56:21       0    2163741     C     72     35      -      -      -      -   8966      0    python         
 20260419    16:56:22       0    2163741     C     74     36      -      -      -      -   8966      0    python         
 20260419    16:56:23       0    2163741     C     78     38      -      -      -      -   8966      0    python         
 20260419    16:56:24       0    2163741     C     63     30      -      -      -      -   9006      0    python         
 20260419    16:56:25       0    2163741     C     51     23      -      -      -      -   9006      0    python         
#Date        Time         gpu         pid   type     sm    mem    enc    dec    jpg    ofa     fb   ccpm    command 
#YYYYMMDD    HH:MM:SS     Idx           #    C/G      %      %      %      %      %      %     MB     MB    name 
 20260419    16:56:26       0    2163741     C     78     37      -      -      -      -   9006      0    python         
 20260419    16:56:27       0    2163741     C     77     37      -      -      -      -   9006      0    python         
 20260419    16:56:28       0    2163741     C     78     38      -      -      -      -   9006      0    python         
 20260419    16:56:29       0    2163741     C     79     39      -      -      -      -   9006      0    python         
 20260419    16:56:30       0    2163741     C     73     36      -      -      -      -   9006      0    python         
 20260419    16:56:31       0    2163741     C     73     36      -      -      -      -   9006      0    python         
 20260419    16:56:32       0    2163741     C     78     38      -      -      -      -   9006      0    python         
 20260419    16:56:33       0    2163741     C     77     37      -      -      -      -   9006      0    python         
 20260419    16:56:34       0    2163741     C     76     37      -      -      -      -   9006      0    python         
 20260419    16:56:35       0    2163741     C     78     38      -      -      -      -   9006      0    python         
 20260419    16:56:36       0    2163741     C     78     38      -      -      -      -   9006      0    python         
 20260419    16:56:38       0    2163741     C     78     38      -      -      -      -   9006      0    python         
 20260419    16:56:39       0    2163741     C     78     38      -      -      -      -   9006      0    python         
 20260419    16:56:40       0    2163741     C     79     39      -      -      -      -   9006      0    python         
 20260419    16:56:41       0    2163741     C     79     39      -      -      -      -   9006      0    python         
 20260419    16:56:42       0    2163741     C     78     38      -      -      -      -   9006      0    python         
 20260419    16:56:43       0    2163741     C     67     31      -      -      -      -   9006      0    python         
 20260419    16:56:44       0    2163741     C     70     33      -      -      -      -   9006      0    python         
 20260419    16:56:45       0    2163741     C     77     37      -      -      -      -   9006      0    python         
 20260419    16:56:46       0    2163741     C     78     37      -      -      -      -   9006      0    python         
 20260419    16:56:47       0    2163741     C     78     38      -      -      -      -   9006      0    python         
 20260419    16:56:48       0    2163741     C     78     38      -      -      -      -   9006      0    python         
 20260419    16:56:49       0    2163741     C     79     38      -      -      -      -   9006      0    python         
 20260419    16:56:50       0    2163741     C     79     38      -      -      -      -   9006      0    python         
 20260419    16:56:51       0    2163741     C     79     38      -      -      -      -   9006      0    python         
 20260419    16:56:52       0    2163741     C     68     31      -      -      -      -   9026      0    python         
 20260419    16:56:53       0    2163741     C     76     36      -      -      -      -   9026      0    python         
 20260419    16:56:54       0    2163741     C     79     38      -      -      -      -   9026      0    python         
 20260419    16:56:55       0    2163741     C     79     38      -      -      -      -   9026      0    python         
 20260419    16:56:56       0    2163741     C     78     38      -      -      -      -   9026      0    python         
 20260419    16:56:57       0    2163741     C     78     38      -      -      -      -   9026      0    python         
 20260419    16:56:58       0    2163741     C     78     38      -      -      -      -   9026      0    python         
 20260419    16:56:59       0    2163741     C     78     38      -      -      -      -   9026      0    python         
 20260419    16:57:00       0    2163741     C     78     37      -      -      -      -   9026      0    python         
 20260419    16:57:01       0    2163741     C     76     36      -      -      -      -   9146      0    python         
 20260419    16:57:02       0    2163741     C     77     37      -      -      -      -   9146      0    python         
 20260419    16:57:03       0    2163741     C     73     35      -      -      -      -   9146      0    python         
 20260419    16:57:05       0    2163741     C     78     38      -      -      -      -   9146      0    python         
 20260419    16:57:06       0    2163741     C     79     38      -      -      -      -   9146      0    python         
 20260419    16:57:07       0    2163741     C     77     37      -      -      -      -   9146      0    python         
 20260419    16:57:08       0    2163741     C     77     37      -      -      -      -   9146      0    python         
 20260419    16:57:09       0    2163741     C     78     37      -      -      -      -   9146      0    python         
 20260419    16:57:10       0    2163741     C     77     38      -      -      -      -   9146      0    python         
 20260419    16:57:11       0    2163741     C     75     35      -      -      -      -   9146      0    python         
#Date        Time         gpu         pid   type     sm    mem    enc    dec    jpg    ofa     fb   ccpm    command 
#YYYYMMDD    HH:MM:SS     Idx           #    C/G      %      %      %      %      %      %     MB     MB    name 
 20260419    16:57:12       0    2163741     C     71     34      -      -      -      -   9146      0    python         
 20260419    16:57:13       0    2163741     C     70     34      -      -      -      -   9146      0    python         
 20260419    16:57:14       0    2163741     C     78     38      -      -      -      -   9146      0    python         
 20260419    16:57:15       0    2163741     C     78     38      -      -      -      -   9146      0    python         
 20260419    16:57:16       0    2163741     C     78     38      -      -      -      -   9146      0    python         
 20260419    16:57:17       0    2163741     C     77     38      -      -      -      -   9146      0    python         
 20260419    16:57:18       0    2163741     C     77     37      -      -      -      -   9146      0    python         
 20260419    16:57:19       0    2163741     C     78     37      -      -      -      -   9146      0    python         
 20260419    16:57:20       0    2163741     C     76     36      -      -      -      -   9186      0    python         
 20260419    16:57:21       0    2163741     C     76     35      -      -      -      -   9186      0    python         
 20260419    16:57:22       0    2163741     C     77     37      -      -      -      -   9186      0    python         
 20260419    16:57:23       0    2163741     C     72     35      -      -      -      -   9186      0    python         
 20260419    16:57:24       0    2163741     C     72     35      -      -      -      -   9186      0    python         
 20260419    16:57:25       0    2163741     C     77     37      -      -      -      -   9186      0    python         
 20260419    16:57:26       0    2163741     C     78     38      -      -      -      -   9186      0    python         
 20260419    16:57:27       0    2163741     C     78     38      -      -      -      -   9186      0    python         
 20260419    16:57:28       0    2163741     C     78     38      -      -      -      -   9186      0    python         
 20260419    16:57:29       0    2163741     C     76     36      -      -      -      -   9186      0    python         
 20260419    16:57:31       0    2163741     C     78     38      -      -      -      -   9186      0    python         
 20260419    16:57:32       0    2163741     C     78     37      -      -      -      -   9186      0    python         
 20260419    16:57:33       0    2163741     C     78     38      -      -      -      -   9186      0    python         
 20260419    16:57:34       0    2163741     C     69     34      -      -      -      -   9186      0    python         
 20260419    16:57:35       0    2163741     C     77     37      -      -      -      -   9186      0    python         
 20260419    16:57:36       0    2163741     C     78     37      -      -      -      -   9186      0    python         
 20260419    16:57:37       0    2163741     C     77     37      -      -      -      -   9186      0    python         
 20260419    16:57:38       0    2163741     C     77     37      -      -      -      -   9186      0    python         
 20260419    16:57:39       0    2163741     C     75     35      -      -      -      -   9186      0    python         
 20260419    16:57:40       0    2163741     C     78     38      -      -      -      -   9186      0    python         
 20260419    16:57:41       0    2163741     C     79     38      -      -      -      -   9186      0    python         
 20260419    16:57:42       0    2163741     C     79     39      -      -      -      -   9186      0    python         
 20260419    16:57:43       0    2163741     C     78     38      -      -      -      -   9186      0    python         
 20260419    16:57:44       0    2163741     C     78     37      -      -      -      -   9186      0    python         
 20260419    16:57:45       0    2163741     C     72     35      -      -      -      -   9186      0    python         
 20260419    16:57:46       0    2163741     C     78     38      -      -      -      -   9186      0    python         
 20260419    16:57:47       0    2163741     C     77     37      -      -      -      -   9186      0    python         
 20260419    16:57:48       0    2163741     C     76     35      -      -      -      -   9186      0    python         
 20260419    16:57:49       0    2163741     C     77     37      -      -      -      -   9186      0    python         
 20260419    16:57:50       0    2163741     C     78     38      -      -      -      -   9186      0    python         
 20260419    16:57:51       0    2163741     C     78     38      -      -      -      -   9186      0    python         
 20260419    16:57:52       0    2163741     C     78     38      -      -      -      -   9186      0    python         
 20260419    16:57:53       0    2163741     C     78     38      -      -      -      -   9186      0    python         
 20260419    16:57:54       0    2163741     C     78     37      -      -      -      -   9186      0    python         
 20260419    16:57:55       0    2163741     C     78     38      -      -      -      -   9186      0    python         
 20260419    16:57:56       0    2163741     C     78     38      -      -      -      -   9186      0    python         
#Date        Time         gpu         pid   type     sm    mem    enc    dec    jpg    ofa     fb   ccpm    command 
#YYYYMMDD    HH:MM:SS     Idx           #    C/G      %      %      %      %      %      %     MB     MB    name 
 20260419    16:57:58       0    2163741     C     28     11      -      -      -      -   9186      0    python         
 20260419    16:57:59       0    2163741     C     79     39      -      -      -      -   9186      0    python         
 20260419    16:58:00       0    2163741     C     79     39      -      -      -      -   9186      0    python         
 20260419    16:58:01       0    2163741     C     79     39      -      -      -      -   9186      0    python         
 20260419    16:58:02       0    2163741     C     79     39      -      -      -      -   9186      0    python         
 20260419    16:58:03       0    2163741     C     78     38      -      -      -      -   9186      0    python         
 20260419    16:58:04       0    2163741     C     77     37      -      -      -      -   9186      0    python         
 20260419    16:58:05       0    2163741     C     78     38      -      -      -      -   9186      0    python         
 20260419    16:58:06       0    2163741     C     79     39      -      -      -      -   9186      0    python         
 20260419    16:58:07       0    2163741     C     70     33      -      -      -      -   9186      0    python         
 20260419    16:58:08       0    2163741     C     71     35      -      -      -      -   9186      0    python         
 20260419    16:58:09       0    2163741     C     78     38      -      -      -      -   9186      0    python         
 20260419    16:58:10       0    2163741     C     78     38      -      -      -      -   9186      0    python         
 20260419    16:58:11       0    2163741     C     78     38      -      -      -      -   9186      0    python         
 20260419    16:58:12       0    2163741     C     79     38      -      -      -      -   9186      0    python         
 20260419    16:58:13       0    2163741     C     78     38      -      -      -      -   9186      0    python         
 20260419    16:58:14       0    2163741     C     78     37      -      -      -      -   9186      0    python         
 20260419    16:58:15       0    2163741     C     78     38      -      -      -      -   9186      0    python         
 20260419    16:58:16       0    2163741     C     76     36      -      -      -      -   9186      0    python         
 20260419    16:58:17       0    2163741     C     76     36      -      -      -      -   9186      0    python         
 20260419    16:58:18       0    2163741     C     78     37      -      -      -      -   9186      0    python         
 20260419    16:58:19       0    2163741     C     78     38      -      -      -      -   9186      0    python         
 20260419    16:58:20       0    2163741     C     78     38      -      -      -      -   9186      0    python         
 20260419    16:58:21       0    2163741     C     73     35      -      -      -      -   9186      0    python         
 20260419    16:58:22       0    2163741     C     73     35      -      -      -      -   9186      0    python         
 20260419    16:58:24       0    2163741     C     78     38      -      -      -      -   9186      0    python         
 20260419    16:58:25       0    2163741     C     77     37      -      -      -      -   9186      0    python         
 20260419    16:58:26       0    2163741     C     74     34      -      -      -      -   9186      0    python         
 20260419    16:58:27       0    2163741     C     79     39      -      -      -      -   9186      0    python         
 20260419    16:58:28       0    2163741     C     79     38      -      -      -      -   9186      0    python         
 20260419    16:58:29       0    2163741     C     78     38      -      -      -      -   9186      0    python         
 20260419    16:58:30       0    2163741     C     77     37      -      -      -      -   9186      0    python         
 20260419    16:58:31       0    2163741     C     70     33      -      -      -      -   9186      0    python         
 20260419    16:58:32       0    2163741     C     78     37      -      -      -      -   9186      0    python         
 20260419    16:58:33       0    2163741     C     78     38      -      -      -      -   9186      0    python         
 20260419    16:58:34       0    2163741     C     78     38      -      -      -      -   9186      0    python         
 20260419    16:58:35       0    2163741     C     75     34      -      -      -      -   9186      0    python         
 20260419    16:58:36       0    2163741     C     78     38      -      -      -      -   9186      0    python         
 20260419    16:58:37       0    2163741     C     78     38      -      -      -      -   9186      0    python         
 20260419    16:58:38       0    2163741     C     78     38      -      -      -      -   9186      0    python         
 20260419    16:58:39       0    2163741     C     78     38      -      -      -      -   9186      0    python         
 20260419    16:58:40       0    2163741     C     77     37      -      -      -      -   9186      0    python         
 20260419    16:58:41       0    2163741     C     78     37      -      -      -      -   9186      0    python         
 20260419    16:58:42       0    2163741     C     78     38      -      -      -      -   9186      0    python         
#Date        Time         gpu         pid   type     sm    mem    enc    dec    jpg    ofa     fb   ccpm    command 
#YYYYMMDD    HH:MM:SS     Idx           #    C/G      %      %      %      %      %      %     MB     MB    name 
 20260419    16:58:43       0    2163741     C     73     35      -      -      -      -   9186      0    python         
 20260419    16:58:44       0    2163741     C     71     34      -      -      -      -   9186      0    python         
 20260419    16:58:45       0    2163741     C     77     37      -      -      -      -   9186      0    python         
 20260419    16:58:46       0    2163741     C     78     38      -      -      -      -   9186      0    python         
 20260419    16:58:47       0    2163741     C     78     38      -      -      -      -   9186      0    python         
 20260419    16:58:48       0    2163741     C     79     38      -      -      -      -   9186      0    python         
 20260419    16:58:50       0    2163741     C     78     38      -      -      -      -   9186      0    python         
 20260419    16:58:51       0    2163741     C     78     37      -      -      -      -   9186      0    python         
 20260419    16:58:52       0    2163741     C     70     34      -      -      -      -   9186      0    python         
 20260419    16:58:53       0    2163741     C     76     36      -      -      -      -   9186      0    python         
 20260419    16:58:54       0    2163741     C     74     34      -      -      -      -   9186      0    python         
 20260419    16:58:55       0    2163741     C     79     39      -      -      -      -   9186      0    python         
 20260419    16:58:56       0    2163741     C     79     39      -      -      -      -   9186      0    python         
 20260419    16:58:57       0    2163741     C     79     39      -      -      -      -   9186      0    python         
 20260419    16:58:58       0    2163741     C     78     37      -      -      -      -   9186      0    python         
 20260419    16:58:59       0    2163741     C     77     37      -      -      -      -   9186      0    python         
 20260419    16:59:00       0    2163741     C     78     37      -      -      -      -   9186      0    python         
 20260419    16:59:01       0    2163741     C     78     38      -      -      -      -   9186      0    python         
 20260419    16:59:02       0    2163741     C     77     36      -      -      -      -   9186      0    python         
 20260419    16:59:03       0    2163741     C     68     32      -      -      -      -   9186      0    python         
 20260419    16:59:04       0    2163741     C     71     35      -      -      -      -   9186      0    python         
 20260419    16:59:05       0    2163741     C     78     38      -      -      -      -   9186      0    python         
 20260419    16:59:06       0    2163741     C     79     38      -      -      -      -   9186      0    python         
 20260419    16:59:07       0    2163741     C     78     38      -      -      -      -   9186      0    python         
 20260419    16:59:08       0    2163741     C     78     38      -      -      -      -   9186      0    python         
 20260419    16:59:09       0    2163741     C     78     38      -      -      -      -   9186      0    python         
 20260419    16:59:10       0    2163741     C     78     38      -      -      -      -   9186      0    python         
 20260419    16:59:11       0    2163741     C     76     36      -      -      -      -   9186      0    python         
 20260419    16:59:12       0    2163741     C     71     33      -      -      -      -   9186      0    python         
 20260419    16:59:13       0    2163741     C     77     37      -      -      -      -   9186      0    python         
 20260419    16:59:14       0    2163741     C     78     37      -      -      -      -   9186      0    python         
 20260419    16:59:16       0    2163741     C     78     38      -      -      -      -   9186      0    python         
 20260419    16:59:17       0    2163741     C     78     39      -      -      -      -   9186      0    python         
 20260419    16:59:18       0    2163741     C     79     39      -      -      -      -   9186      0    python         
 20260419    16:59:19       0    2163741     C     79     38      -      -      -      -   9186      0    python         
 20260419    16:59:20       0    2163741     C     78     37      -      -      -      -   9186      0    python         
 20260419    16:59:21       0    2163741     C     73     34      -      -      -      -   9226      0    python         
 20260419    16:59:22       0    2163741     C     76     36      -      -      -      -   9226      0    python         
 20260419    16:59:23       0    2163741     C     71     35      -      -      -      -   9226      0    python         
 20260419    16:59:24       0    2163741     C     73     36      -      -      -      -   9226      0    python         
 20260419    16:59:25       0    2163741     C     78     38      -      -      -      -   9226      0    python         
 20260419    16:59:26       0    2163741     C     78     38      -      -      -      -   9226      0    python         
 20260419    16:59:27       0    2163741     C     78     38      -      -      -      -   9226      0    python         
 20260419    16:59:28       0    2163741     C     79     38      -      -      -      -   9226      0    python         
#Date        Time         gpu         pid   type     sm    mem    enc    dec    jpg    ofa     fb   ccpm    command 
#YYYYMMDD    HH:MM:SS     Idx           #    C/G      %      %      %      %      %      %     MB     MB    name 
 20260419    16:59:29       0    2163741     C     79     38      -      -      -      -   9226      0    python         
 20260419    16:59:30       0    2163741     C     70     32      -      -      -      -   9226      0    python         
 20260419    16:59:31       0    2163741     C     52     24      -      -      -      -   9226      0    python         
 20260419    16:59:32       0    2163741     C     79     39      -      -      -      -   9226      0    python         
 20260419    16:59:33       0    2163741     C     72     35      -      -      -      -   9226      0    python         
 20260419    16:59:34       0    2163741     C     72     35      -      -      -      -   9226      0    python         
 20260419    16:59:35       0    2163741     C     78     38      -      -      -      -   9226      0    python         
 20260419    16:59:36       0    2163741     C     78     38      -      -      -      -   9226      0    python         
 20260419    16:59:37       0    2163741     C     78     38      -      -      -      -   9226      0    python         
 20260419    16:59:38       0    2163741     C     78     38      -      -      -      -   9226      0    python         
 20260419    16:59:39       0    2163741     C     77     37      -      -      -      -   9226      0    python         
 20260419    16:59:41       0    2163741     C     76     35      -      -      -      -   9246      0    python         
 20260419    16:59:42       0    2163741     C     78     38      -      -      -      -   9246      0    python         
 20260419    16:59:43       0    2163741     C     79     38      -      -      -      -   9246      0    python         
 20260419    16:59:44       0    2163741     C     79     39      -      -      -      -   9246      0    python         
 20260419    16:59:45       0    2163741     C     70     34      -      -      -      -   9246      0    python         
 20260419    16:59:46       0    2163741     C     79     39      -      -      -      -   9246      0    python         
 20260419    16:59:47       0    2163741     C     78     38      -      -      -      -   9246      0    python         
 20260419    16:59:48       0    2163741     C     78     38      -      -      -      -   9246      0    python         
 20260419    16:59:49       0    2163741     C     77     37      -      -      -      -   9246      0    python         
 20260419    16:59:50       0    2163741     C     75     36      -      -      -      -   9246      0    python         
 20260419    16:59:51       0    2163741     C     78     38      -      -      -      -   9246      0    python         
 20260419    16:59:52       0    2163741     C     78     38      -      -      -      -   9246      0    python         
 20260419    16:59:53       0    2163741     C     78     38      -      -      -      -   9246      0    python         
 20260419    16:59:54       0    2163741     C     78     38      -      -      -      -   9246      0    python         
 20260419    16:59:55       0    2163741     C     72     35      -      -      -      -   9246      0    python         
 20260419    16:59:56       0    2163741     C     72     35      -      -      -      -   9246      0    python         
 20260419    16:59:57       0    2163741     C     79     38      -      -      -      -   9246      0    python         
 20260419    16:59:58       0    2163741     C     77     37      -      -      -      -   9246      0    python         
 20260419    16:59:59       0    2163741     C     76     36      -      -      -      -   9246      0    python         
 20260419    17:00:00       0    2163741     C     78     38      -      -      -      -   9246      0    python         
 20260419    17:00:01       0    2163741     C     78     38      -      -      -      -   9246      0    python         
 20260419    17:00:02       0    2163741     C     78     38      -      -      -      -   9246      0    python         
 20260419    17:00:03       0    2163741     C     78     38      -      -      -      -   9246      0    python         
 20260419    17:00:04       0    2163741     C     78     38      -      -      -      -   9246      0    python         
 20260419    17:00:05       0    2163741     C     73     35      -      -      -      -   9246      0    python         
 20260419    17:00:07       0    2163741     C     78     38      -      -      -      -   9246      0    python         
 20260419    17:00:08       0    2163741     C     74     34      -      -      -      -   9246      0    python         
 20260419    17:00:09       0    2163741     C     78     38      -      -      -      -   9246      0    python         
 20260419    17:00:10       0    2163741     C     79     38      -      -      -      -   9246      0    python         
 20260419    17:00:11       0    2163741     C     79     39      -      -      -      -   9246      0    python         
 20260419    17:00:12       0    2163741     C     79     39      -      -      -      -   9246      0    python         
 20260419    17:00:13       0    2163741     C     79     39      -      -      -      -   9246      0    python         
 20260419    17:00:14       0    2163741     C     78     38      -      -      -      -   9246      0    python         
#Date        Time         gpu         pid   type     sm    mem    enc    dec    jpg    ofa     fb   ccpm    command 
#YYYYMMDD    HH:MM:SS     Idx           #    C/G      %      %      %      %      %      %     MB     MB    name 
 20260419    17:00:15       0    2163741     C     78     38      -      -      -      -   9246      0    python         
 20260419    17:00:16       0    2163741     C     78     38      -      -      -      -   9246      0    python         
 20260419    17:00:17       0    2163741     C     75     35      -      -      -      -   9246      0    python         
 20260419    17:00:18       0    2163741     C     77     37      -      -      -      -   9246      0    python         
 20260419    17:00:19       0    2163741     C     71     35      -      -      -      -   9246      0    python         
 20260419    17:00:20       0    2163741     C     78     37      -      -      -      -   9246      0    python         
 20260419    17:00:21       0    2163741     C     78     37      -      -      -      -   9246      0    python         
 20260419    17:00:22       0    2163741     C     78     38      -      -      -      -   9246      0    python         
 20260419    17:00:23       0    2163741     C     78     38      -      -      -      -   9246      0    python         
 20260419    17:00:24       0    2163741     C     78     38      -      -      -      -   9246      0    python         
 20260419    17:00:25       0    2163741     C     78     37      -      -      -      -   9246      0    python         
 20260419    17:00:26       0    2163741     C     64     29      -      -      -      -    466      0    python         
 20260419    17:00:27       0    2163741     C     57     16      -      -      -      -   1098      0    python         
 20260419    17:00:28       0    2163741     C     49     15      -      -      -      -   1458      0    python         
 20260419    17:00:29       0    2163741     C     35     11      -      -      -      -   1460      0    python         
 20260419    17:00:30       0    2163741     C     42     13      -      -      -      -   1460      0    python         
 20260419    17:00:32       0    2163741     C     55     18      -      -      -      -   1460      0    python         
 20260419    17:00:33       0    2163741     C     47     15      -      -      -      -   1500      0    python         
 20260419    17:00:34       0    2163741     C     54     18      -      -      -      -   1500      0    python         
 20260419    17:00:35       0    2163741     C     47     15      -      -      -      -   1500      0    python         
 20260419    17:00:36       0    2163741     C     53     17      -      -      -      -   1500      0    python         
 20260419    17:00:37       0    2163741     C     50     16      -      -      -      -   1500      0    python         
 20260419    17:00:38       0    2163741     C     39     13      -      -      -      -   2526      0    python         
 20260419    17:00:39       0    2163741     C     39     15      -      -      -      -   2526      0    python         
 20260419    17:00:40       0    2163741     C     35     13      -      -      -      -   2546      0    python         
 20260419    17:00:41       0    2163741     C     38     15      -      -      -      -   2548      0    python         
 20260419    17:00:42       0    2163741     C     38     15      -      -      -      -   2548      0    python         
 20260419    17:00:43       0    2163741     C     39     15      -      -      -      -   2548      0    python         
 20260419    17:00:44       0    2163741     C     39     15      -      -      -      -   2548      0    python         
 20260419    17:00:45       0    2163741     C     39     15      -      -      -      -   2548      0    python         
 20260419    17:00:46       0    2163741     C     38     14      -      -      -      -   2548      0    python         
 20260419    17:00:47       0    2163741     C     39     14      -      -      -      -   2548      0    python         
 20260419    17:00:48       0    2163741     C     39     15      -      -      -      -   2548      0    python         
 20260419    17:00:49       0    2163741     C     39     15      -      -      -      -   2548      0    python         
 20260419    17:00:50       0    2163741     C     39     15      -      -      -      -   2548      0    python         
 20260419    17:00:51       0    2163741     C     39     15      -      -      -      -   2548      0    python         
 20260419    17:00:52       0    2163741     C     39     15      -      -      -      -   2548      0    python         
 20260419    17:00:53       0    2163741     C     36     14      -      -      -      -   2548      0    python         
 20260419    17:00:54       0    2163741     C     36     13      -      -      -      -   2548      0    python         
 20260419    17:00:55       0    2163741     C     38     14      -      -      -      -   2548      0    python         
 20260419    17:00:56       0    2163741     C     39     15      -      -      -      -   2548      0    python         
 20260419    17:00:57       0    2163741     C     38     15      -      -      -      -   2548      0    python         
 20260419    17:00:59       0    2163741     C     39     15      -      -      -      -   2548      0    python         
 20260419    17:01:00       0    2163741     C     39     15      -      -      -      -   2548      0    python         
#Date        Time         gpu         pid   type     sm    mem    enc    dec    jpg    ofa     fb   ccpm    command 
#YYYYMMDD    HH:MM:SS     Idx           #    C/G      %      %      %      %      %      %     MB     MB    name 
 20260419    17:01:01       0    2163741     C     38     15      -      -      -      -   2548      0    python         
 20260419    17:01:02       0    2163741     C     38     15      -      -      -      -   2548      0    python         
 20260419    17:01:03       0    2163741     C     34     14      -      -      -      -   2548      0    python         
 20260419    17:01:04       0    2163741     C     38     14      -      -      -      -   2548      0    python         
 20260419    17:01:05       0    2163741     C     39     15      -      -      -      -   2548      0    python         
 20260419    17:01:06       0    2163741     C     39     15      -      -      -      -   2548      0    python         
 20260419    17:01:07       0    2163741     C     38     15      -      -      -      -   2548      0    python         
 20260419    17:01:08       0    2163741     C     39     15      -      -      -      -   2548      0    python         
 20260419    17:01:09       0    2163741     C     39     15      -      -      -      -   2548      0    python         
 20260419    17:01:10       0    2163741     C     38     15      -      -      -      -   2548      0    python         
 20260419    17:01:11       0    2163741     C     35     14      -      -      -      -   2548      0    python         
 20260419    17:01:12       0    2163741     C     38     15      -      -      -      -   2548      0    python         
 20260419    17:01:13       0    2163741     C     38     14      -      -      -      -   2548      0    python         
 20260419    17:01:14       0    2163741     C     39     15      -      -      -      -   2548      0    python         
 20260419    17:01:15       0    2163741     C     39     15      -      -      -      -   2548      0    python         
 20260419    17:01:16       0    2163741     C     39     15      -      -      -      -   2548      0    python         
 20260419    17:01:17       0    2163741     C     38     15      -      -      -      -   2548      0    python         
 20260419    17:01:18       0    2163741     C     39     15      -      -      -      -   2548      0    python         
 20260419    17:01:19       0    2163741     C     39     15      -      -      -      -   2548      0    python         
 20260419    17:01:20       0    2163741     C     35     13      -      -      -      -   2548      0    python         
 20260419    17:01:21       0    2163741     C     26     10      -      -      -      -   2548      0    python         
 20260419    17:01:22       0    2163741     C     33     13      -      -      -      -   2548      0    python         
 20260419    17:01:24       0    2163741     C     32     13      -      -      -      -   2548      0    python         
 20260419    17:01:25       0    2163741     C     39     15      -      -      -      -   2548      0    python         
 20260419    17:01:26       0    2163741     C     39     15      -      -      -      -   2548      0    python         
 20260419    17:01:27       0    2163741     C     39     15      -      -      -      -   2548      0    python         
 20260419    17:01:28       0    2163741     C     39     15      -      -      -      -   2548      0    python         
 20260419    17:01:29       0    2163741     C     39     15      -      -      -      -   2548      0    python         
 20260419    17:01:30       0    2163741     C     37     14      -      -      -      -   2548      0    python         
 20260419    17:01:31       0    2163741     C     38     15      -      -      -      -   2548      0    python         
 20260419    17:01:32       0    2163741     C     38     15      -      -      -      -   2548      0    python         
 20260419    17:01:33       0    2163741     C     38     15      -      -      -      -   2548      0    python         
 20260419    17:01:34       0    2163741     C     36     14      -      -      -      -   2548      0    python         
 20260419    17:01:35       0    2163741     C     37     14      -      -      -      -   2548      0    python         
 20260419    17:01:36       0    2163741     C     38     15      -      -      -      -   2548      0    python         
 20260419    17:01:37       0    2163741     C     38     15      -      -      -      -   2548      0    python         
 20260419    17:01:38       0    2163741     C     38     14      -      -      -      -   2548      0    python         
 20260419    17:01:39       0    2163741     C     38     14      -      -      -      -   2548      0    python         
 20260419    17:01:40       0    2163741     C     39     15      -      -      -      -   2548      0    python         
 20260419    17:01:41       0    2163741     C     39     15      -      -      -      -   2548      0    python         
 20260419    17:01:42       0    2163741     C     35     14      -      -      -      -   2548      0    python         
 20260419    17:01:43       0    2163741     C     36     14      -      -      -      -   2548      0    python         
 20260419    17:01:44       0    2163741     C     38     15      -      -      -      -   2548      0    python         
 20260419    17:01:46       0    2163741     C     39     15      -      -      -      -   2548      0    python         
#Date        Time         gpu         pid   type     sm    mem    enc    dec    jpg    ofa     fb   ccpm    command 
#YYYYMMDD    HH:MM:SS     Idx           #    C/G      %      %      %      %      %      %     MB     MB    name 
 20260419    17:01:47       0    2163741     C     38     15      -      -      -      -   2548      0    python         
 20260419    17:01:48       0    2163741     C     39     14      -      -      -      -   2548      0    python         
 20260419    17:01:49       0    2163741     C     38     15      -      -      -      -   2548      0    python         
 20260419    17:01:50       0    2163741     C     39     15      -      -      -      -   2548      0    python         
 20260419    17:01:51       0    2163741     C     39     15      -      -      -      -   2548      0    python         
 20260419    17:01:52       0    2163741     C     34     13      -      -      -      -   2548      0    python         
 20260419    17:01:53       0    2163741     C     38     15      -      -      -      -   2548      0    python         
 20260419    17:01:54       0    2163741     C     39     15      -      -      -      -   2548      0    python         
 20260419    17:01:55       0    2163741     C     38     15      -      -      -      -   2548      0    python         
 20260419    17:01:56       0    2163741     C     38     15      -      -      -      -   2548      0    python         
 20260419    17:01:57       0    2163741     C     38     15      -      -      -      -   2548      0    python         
 20260419    17:01:58       0    2163741     C     39     15      -      -      -      -   2548      0    python         
 20260419    17:01:59       0    2163741     C     39     15      -      -      -      -   2548      0    python         
 20260419    17:02:00       0    2163741     C     39     15      -      -      -      -   2548      0    python         
 20260419    17:02:01       0    2163741     C     39     15      -      -      -      -   2548      0    python         
 20260419    17:02:02       0    2163741     C     39     15      -      -      -      -   2548      0    python         
 20260419    17:02:03       0    2163741     C     38     15      -      -      -      -   2548      0    python         
 20260419    17:02:04       0    2163741     C     35     13      -      -      -      -   2548      0    python         
 20260419    17:02:05       0    2163741     C     35     13      -      -      -      -   2548      0    python         
 20260419    17:02:06       0    2163741     C     38     15      -      -      -      -   2548      0    python         
 20260419    17:02:07       0    2163741     C     38     15      -      -      -      -   2548      0    python         
 20260419    17:02:08       0    2163741     C     38     15      -      -      -      -   2548      0    python         
 20260419    17:02:09       0    2163741     C     38     15      -      -      -      -   2548      0    python         
 20260419    17:02:10       0    2163741     C     38     15      -      -      -      -   2548      0    python         
 20260419    17:02:11       0    2163741     C     38     15      -      -      -      -   2548      0    python         
 20260419    17:02:13       0    2163741     C     35     14      -      -      -      -   2548      0    python         
 20260419    17:02:14       0    2163741     C     38     14      -      -      -      -   2548      0    python         
 20260419    17:02:15       0    2163741     C     38     15      -      -      -      -   2548      0    python         
 20260419    17:02:16       0    2163741     C     39     15      -      -      -      -   2548      0    python         
 20260419    17:02:17       0    2163741     C     38     15      -      -      -      -   2548      0    python         
 20260419    17:02:18       0    2163741     C     38     15      -      -      -      -   2548      0    python         
 20260419    17:02:19       0    2163741     C     38     15      -      -      -      -   2548      0    python         
 20260419    17:02:20       0    2163741     C     38     15      -      -      -      -   2548      0    python         
 20260419    17:02:21       0    2163741     C     38     15      -      -      -      -   2548      0    python         
 20260419    17:02:22       0    2163741     C     38     15      -      -      -      -   2548      0    python         
 20260419    17:02:23       0    2163741     C     38     15      -      -      -      -   2548      0    python         
 20260419    17:02:24       0    2163741     C     38     15      -      -      -      -   2548      0    python         
 20260419    17:02:25       0    2163741     C     35     14      -      -      -      -   2548      0    python         
 20260419    17:02:26       0    2163741     C     38     15      -      -      -      -   2548      0    python         
 20260419    17:02:27       0    2163741     C     39     15      -      -      -      -   2548      0    python         
 20260419    17:02:28       0    2163741     C     39     15      -      -      -      -   2548      0    python         
 20260419    17:02:29       0    2163741     C     38     15      -      -      -      -   2548      0    python         
 20260419    17:02:30       0    2163741     C     38     14      -      -      -      -   2548      0    python         
 20260419    17:02:31       0    2163741     C     38     14      -      -      -      -   2548      0    python         
#Date        Time         gpu         pid   type     sm    mem    enc    dec    jpg    ofa     fb   ccpm    command 
#YYYYMMDD    HH:MM:SS     Idx           #    C/G      %      %      %      %      %      %     MB     MB    name 
 20260419    17:02:32       0    2163741     C     39     15      -      -      -      -   2548      0    python         
 20260419    17:02:33       0    2163741     C     39     15      -      -      -      -   2548      0    python         
 20260419    17:02:34       0    2163741     C     38     14      -      -      -      -   2548      0    python         
 20260419    17:02:35       0    2163741     C     36     14      -      -      -      -   2548      0    python         
 20260419    17:02:36       0    2163741     C     39     15      -      -      -      -   2548      0    python         
 20260419    17:02:37       0    2163741     C     39     15      -      -      -      -   2548      0    python         
 20260419    17:02:39       0    2163741     C     38     15      -      -      -      -   2548      0    python         
 20260419    17:02:40       0    2163741     C     38     15      -      -      -      -   2548      0    python         
 20260419    17:02:41       0    2163741     C     39     15      -      -      -      -   2548      0    python         
 20260419    17:02:42       0    2163741     C     39     15      -      -      -      -   2548      0    python         
 20260419    17:02:43       0    2163741     C     38     15      -      -      -      -   2548      0    python         
 20260419    17:02:44       0    2163741     C     35     14      -      -      -      -   2548      0    python         
 20260419    17:02:45       0    2163741     C     39     15      -      -      -      -   2548      0    python         
 20260419    17:02:46       0    2163741     C     39     15      -      -      -      -   2548      0    python         
 20260419    17:02:47       0    2163741     C     39     15      -      -      -      -   2548      0    python         
 20260419    17:02:48       0    2163741     C     25      9      -      -      -      -   2548      0    python         
 20260419    17:02:49       0    2163741     C     39     15      -      -      -      -   2548      0    python         
 20260419    17:02:50       0    2163741     C     39     15      -      -      -      -   2548      0    python         
 20260419    17:02:51       0    2163741     C     39     15      -      -      -      -   2548      0    python         
 20260419    17:02:52       0    2163741     C     38     15      -      -      -      -   2548      0    python         
 20260419    17:02:53       0    2163741     C     39     15      -      -      -      -   2548      0    python         
 20260419    17:02:54       0    2163741     C     36     14      -      -      -      -   2548      0    python         
 20260419    17:02:55       0    2163741     C     35     14      -      -      -      -   2548      0    python         
 20260419    17:02:56       0    2163741     C     39     15      -      -      -      -   2548      0    python         
 20260419    17:02:57       0    2163741     C     39     15      -      -      -      -   2548      0    python         
 20260419    17:02:58       0    2163741     C     39     15      -      -      -      -   2548      0    python         
 20260419    17:02:59       0    2163741     C     39     15      -      -      -      -   2548      0    python         
 20260419    17:03:00       0    2163741     C     39     15      -      -      -      -   2548      0    python         
 20260419    17:03:01       0    2163741     C     39     16      -      -      -      -   2548      0    python         
 20260419    17:03:03       0    2163741     C     38     15      -      -      -      -   2548      0    python         
 20260419    17:03:04       0    2163741     C     39     15      -      -      -      -   2548      0    python         
 20260419    17:03:05       0    2163741     C     38     14      -      -      -      -   2548      0    python         
 20260419    17:03:06       0    2163741     C     34     14      -      -      -      -   2548      0    python         
 20260419    17:03:07       0    2163741     C     38     15      -      -      -      -   2548      0    python         
 20260419    17:03:08       0    2163741     C     39     15      -      -      -      -   2548      0    python         
 20260419    17:03:09       0    2163741     C     39     15      -      -      -      -   2548      0    python         
 20260419    17:03:10       0    2163741     C     39     16      -      -      -      -   2548      0    python         
 20260419    17:03:11       0    2163741     C     39     15      -      -      -      -   2548      0    python         
 20260419    17:03:12       0    2163741     C     40     15      -      -      -      -   2548      0    python         
 20260419    17:03:13       0    2163741     C     39     15      -      -      -      -   2548      0    python         
 20260419    17:03:14       0    2163741     C     34     13      -      -      -      -   2548      0    python         
 20260419    17:03:15       0    2163741     C     36     14      -      -      -      -   2548      0    python         
 20260419    17:03:16       0    2163741     C     38     15      -      -      -      -   2548      0    python         
 20260419    17:03:17       0    2163741     C     38     15      -      -      -      -   2548      0    python         
#Date        Time         gpu         pid   type     sm    mem    enc    dec    jpg    ofa     fb   ccpm    command 
#YYYYMMDD    HH:MM:SS     Idx           #    C/G      %      %      %      %      %      %     MB     MB    name 
 20260419    17:03:18       0    2163741     C     38     15      -      -      -      -   2548      0    python         
 20260419    17:03:19       0    2163741     C     39     16      -      -      -      -   2548      0    python         
 20260419    17:03:20       0    2163741     C     39     15      -      -      -      -   2548      0    python         
 20260419    17:03:21       0    2163741     C     39     15      -      -      -      -   2548      0    python         
 20260419    17:03:22       0    2163741     C     36     14      -      -      -      -   2548      0    python         
 20260419    17:03:23       0    2163741     C     38     14      -      -      -      -   2548      0    python         
 20260419    17:03:24       0    2163741     C     39     15      -      -      -      -   2548      0    python         
 20260419    17:03:25       0    2163741     C     39     15      -      -      -      -   2548      0    python         
 20260419    17:03:26       0    2163741     C     39     15      -      -      -      -   2548      0    python         
 20260419    17:03:27       0    2163741     C     39     15      -      -      -      -   2548      0    python         
 20260419    17:03:29       0    2163741     C     39     15      -      -      -      -   2548      0    python         
 20260419    17:03:30       0    2163741     C     39     15      -      -      -      -   2548      0    python         
 20260419    17:03:31       0    2163741     C     38     15      -      -      -      -   2548      0    python         
 20260419    17:03:32       0    2163741     C     35     13      -      -      -      -   2548      0    python         
 20260419    17:03:33       0    2163741     C     35     14      -      -      -      -   2548      0    python         
 20260419    17:03:34       0    2163741     C     39     15      -      -      -      -   2548      0    python         
 20260419    17:03:35       0    2163741     C     39     16      -      -      -      -   2548      0    python         
 20260419    17:03:36       0    2163741     C     39     16      -      -      -      -   2548      0    python         
 20260419    17:03:37       0    2163741     C     39     15      -      -      -      -   2548      0    python         
 20260419    17:03:38       0    2163741     C     39     15      -      -      -      -   2548      0    python         
 20260419    17:03:39       0    2163741     C     39     15      -      -      -      -   2548      0    python         
 20260419    17:03:40       0    2163741     C     39     15      -      -      -      -   2548      0    python         
 20260419    17:03:41       0    2163741     C     35     14      -      -      -      -   2548      0    python         
 20260419    17:03:42       0    2163741     C     35     14      -      -      -      -   2548      0    python         
 20260419    17:03:43       0    2163741     C     39     15      -      -      -      -   2548      0    python         
 20260419    17:03:44       0    2163741     C     39     15      -      -      -      -   2548      0    python         
 20260419    17:03:45       0    2163741     C     39     15      -      -      -      -   2548      0    python         
 20260419    17:03:46       0    2163741     C     39     15      -      -      -      -   2548      0    python         
 20260419    17:03:47       0    2163741     C     38     14      -      -      -      -   2548      0    python         
 20260419    17:03:48       0    2163741     C     18      5      -      -      -      -    464      0    python         
 20260419    17:03:49       0          -     -      -      -      -      -      -      -      -      -    -              
